q,a
Скільки коштує сайт?,"Сайт + Google Ads — 9 999 ₴, складніший проєкт — 18 999 ₴. Ціна фіксована: ви знаєте суму до старту."
Скільки часу займає розробка?,Типовий сайт запускаємо приблизно за 3–7 днів. Складніші проєкти можуть потребувати більше часу.
Чи входить рекламний бюджет?,"Ні. У вартість входить повне налаштування та ведення реклами. Рекламний бюджет сплачується окремо напряму в Google, і ви завжди бачите, скільки витрачено."
Чи можна замовити тільки сайт?,Так. Також можна замовити тільки рекламу на вже існуючий сайт або тільки motion-анімації.
Чи працюєте ви з існуючими сайтами?,"Так. Можемо доопрацювати структуру та сторінки під рекламу або підключити Google Ads до сайту, який у вас уже є."
Чи можна замовити тільки рекламу?,"Так — 5 999 ₴. Перед запуском подивимося, чи готова сторінка приймати трафік, і скажемо, що варто підправити."
Чи можна зробити motion для мого бренду?,"Так. Анімуємо логотип та айдентику, робимо мікроанімації для сайту, а також ролики для реклами, Reels і Stories."
Скільки коштує SEO?,"Повне on-page SEO сайту — $400 разово. Подальше просування — $200 на місяць: нові запити, тексти, посилання та звіт по видачі."
Скільки коштує Telegram-бот або Mini App?,"По 5 000 ₴ за кожен. Бот приймає заявки й відповідає на типові питання, Mini App — це повноцінний інтерфейс усередині Telegram."
Чим motion відрізняється від анімацій на сайті?,"Плавні появи блоків і ховери входять у розробку сайту й окремо не тарифікуються. Motion — це рух самого бренду: анімований логотип і заставка — 1 000 ₴, повна система руху для бренду — 3 000 ₴."
Чи гарантуєте ви кількість клієнтів?,"Ні, і не обіцяємо цифр наперед: результат залежить від ніші, попиту та бюджету. Ми працюємо на залучення цільового трафіку та заявок і ухвалюємо рішення на основі аналітики."
