featured,badge,title,amount,term,items,note,cta,topic
true,РЕКОМЕНДОВАНО,Сайт + Google Ads,9 999 ₴,3–7 днів,"Аналіз ніші
Аналіз конкурентів
Сучасний адаптивний сайт
Базова SEO-підготовка
Налаштування Google Ads
Запуск першої рекламної кампанії
7 днів супроводу",* Рекламний бюджет сплачується окремо.,Замовити,Сайт + Google Ads — 9 999 ₴
,,Складний сайт + Google Ads,18 999 ₴,5–10 днів,"Поглиблений аналіз ніші
Складніша структура сайту
Адаптивний дизайн
Розширені функціональні можливості
Поглиблене налаштування Google Ads
Motion-анімації
Аналітика",,Обговорити проєкт,Складний сайт + Google Ads — 18 999 ₴
