id,index,code,nav,navsub,title,tagline,price,term,what,why,gets,result,note,cta,topic,extra_price_label,extra_price_amount,extra_price_desc
web,01,WEB,Створення сайтів,Landing page та складні проєкти,Створення сайтів,"Сайти, які працюють на залучення клієнтів, а не просто красиво виглядають.",9 999 ₴,3–7 днів,"У SkyBreeze ми продумуємо сайт як інструмент продажів: формуємо сильну пропозицію, вибудовуємо структуру, додаємо необхідні елементи довіри та скорочуємо шлях клієнта від першого відвідування до заявки. Після запуску можемо підключити Google Ads і приводити потенційних клієнтів прямо на розроблений для вас сайт.","Сайт стає вашою власною точкою контакту з клієнтом, де ви контролюєте пропозицію, інформацію про бізнес та шлях до заявки.","Структуру сторінки під вашу пропозицію
Сучасний адаптивний дизайн під мобільні та десктоп
Тексти та блоки довіри: послуги, роботи, контакти
Форми заявки та зручні способи зв'язку
Базову SEO-підготовку під пошук
Готовність підключити Google Ads одразу після запуску","Ви отримуєте власний майданчик, на який можна вести рекламний і пошуковий трафік, і де клієнту зрозуміло, що ви пропонуєте та як залишити заявку.",,Замовити сайт,Тільки сайт,,,
ads,02,ADS,Google Ads,Реклама в пошуку під запит клієнта,Google Ads,"Допомагаємо потенційним клієнтам знаходити ваш бізнес саме тоді, коли вони шукають послугу.",5 999 ₴,запуск під ключ,"Аналізуємо нішу та попит, налаштовуємо рекламні кампанії, підключаємо аналітику та направляємо рекламний трафік на сторінку, яка відповідає запиту клієнта.","Якщо людина вже шукає вашу послугу, реклама дозволяє показати їй вашу пропозицію саме в цей момент, а не чекати, поки вона випадково знайде ваш бізнес.","Аналіз ніші, попиту та конкурентів
Пошукові запити й мінус-слова під ваші послуги
Налаштовані та запущені кампанії в Google Ads
Підключену аналітику та відстеження заявок
Зв'язку «запит → оголошення → відповідна сторінка»
Подальшу оптимізацію за результатами перших тижнів","Працюємо на залучення цільового трафіку та заявок: вашу пропозицію бачать люди з активним запитом, а рішення щодо кампаній ухвалюємо на основі аналітики.","Рекламний бюджет сплачується окремо напряму в Google. Кількість клієнтів залежить від ніші, попиту та бюджету, тому ми не обіцяємо гарантованих цифр.",Замовити рекламу,Тільки Google Ads,,,
motion,03,MOTION,Motion Design,Анімації для бренду та реклами,Motion Design,Анімуємо логотип і вибудовуємо єдину систему руху для всього бренду.,1 000 ₴,анімація логотипа,"Motion — це не «анімації на сайті». Плавні появи блоків і ховери входять у розробку сайту за замовчуванням. Motion починається там, де рухається сам бренд: анімований логотип, заставка та єдина система руху для всіх матеріалів.","Анімований знак упізнається швидше за статичний і працює скрізь: на сайті, у відео, у сторіс і в рекламі. Бренд виглядає як одне ціле, а не як набір різних матеріалів.","Анімований логотип у форматах для сайту, соцмереж і відео
Вихідники під світлий і темний фон
Коротку заставку для роликів і Reels
У пакеті «система бренду» — анімації блоків сайту та переходів
Єдиний ритм і тайминги для всіх анімацій бренду","Ви отримуєте знак у русі й правила, за якими рухається все інше — тому нові банери, ролики та сторінки виглядають в одному стилі.",,Замовити Motion,Motion Design,Анімаційна система бренду,3 000 ₴,"Логотип у русі плюс анімації блоків сайту, переходів і заставок — за єдиними таймингами."
seo,04,SEO,SEO-оптимізація,Повне on-page SEO сайту,SEO-оптимізація,"Робимо так, щоб сайт знаходили в пошуку — не тільки через рекламу.",$400,"разово, повне on-page SEO","Проводимо повну on-page оптимізацію: технічний аудит, структуру та заголовки, метадані, швидкість завантаження, мікророзмітку, внутрішні посилання й тексти під реальні пошукові запити вашої ніші.","Реклама працює, поки за неї платять. Пошукова видача дає трафік і тоді, коли кампанії вимкнені, тому це вкладення на довшу дистанцію.","Технічний аудит сайту з переліком помилок
Семантику та розподіл запитів по сторінках
Оптимізовані title, description і структуру заголовків
Прискорення завантаження та роботу з Core Web Vitals
Мікророзмітку й коректну індексацію в Google
Рекомендації щодо контенту на наступні місяці","Сайт стає зрозумілим для пошукових систем і користувача: сторінки відповідають запитам, швидко відкриваються та коректно потрапляють в індекс.","SEO має накопичувальний ефект: перші зміни у видачі зазвичай помітні за 1–3 місяці. Строки та позиції залежать від ніші й конкуренції, тому конкретних місць ми не обіцяємо.",Замовити SEO,SEO-оптимізація,Просування далі,$200 / місяць,"Щомісячна робота: нові запити, тексти, посилання та звіт по видачі."
bots,05,BOTS,Telegram-боти,Заявки та підтримка в месенджері,Telegram-боти,"Автоматизуємо заявки, запис і типові питання прямо в месенджері.",5 000 ₴,за бота,"Створюємо бота під ваш сценарій: приймання заявок, онлайн-запис, каталог, відповіді на часті питання, сповіщення менеджеру та вивантаження звернень.",Клієнт уже сидить у Telegram — бот приймає звернення о будь-якій годині й не змушує людину чекати відповіді менеджера.,"Сценарій діалогу під вашу задачу
Приймання заявок і передачу їх менеджеру
Меню з послугами, каталогом або записом
Сповіщення в особистий чат або робочу групу
Адмін-команди та експорт заявок
Підключення до вашого каналу чи групи","Типові звернення обробляються без участі людини, а заявки приходять у месенджер у зручному форматі — з іменем, контактом і запитом.",,Замовити бота,Telegram-бот,,,
miniapp,06,MINI APP,Telegram Mini App,Застосунок усередині Telegram,Telegram Mini App,Повноцінний інтерфейс усередині Telegram — без встановлення застосунку.,5 000 ₴,за застосунок,"Mini App відкривається прямо в Telegram: каталог із кошиком, форма запису, особистий кабінет, калькулятор вартості чи будь-який інший екран під вашу задачу.","Людина не виходить із месенджера й не встановлює нічого додатково — шлях від інтересу до заявки коротший, ніж через застосунок у сторі.","Інтерфейс у стилі Telegram, адаптований під мобільний
Каталог, форму або калькулятор під вашу послугу
Авторизацію через обліковий запис Telegram
Передачу замовлення менеджеру або в оплату
Адмінку для оновлення контенту за потреби","Клієнт оформлює замовлення чи запис за кілька дотиків, не залишаючи Telegram, а ви отримуєте структуровану заявку.",,Замовити Mini App,Telegram Mini App,,,
