key,value
site:brand,SkyBreeze
site:lang,uk
site:domain,skybreeze.agency
site:gtm_id,GTM-5FRPXNZQ
site:phone,+380 68 923 96 82
site:phone_href,+380689239682
site:email,hello@skybreeze.agency
site:telegram_url,https://t.me/skybreeze
site:telegram_handle,@astradigital
site:topbar,"Сайт + Google Ads — 9 999 ₴, запуск реклами безкоштовно"
site:cta_button,Обговорити проєкт
site:footer.about,"Створюємо сайти, налаштовуємо Google Ads і робимо motion — щоб бізнес отримував клієнтів з інтернету."
site:footer.location,Київ · Працюємо з бізнесом по всій Україні
site:footer.copyright,© 2026 SkyBreeze
site:modal.title,Обговорити проєкт
site:modal.lead,Залиште контакти — зв'яжемося протягом робочого дня та запропонуємо оптимальний варіант.
site:cta.index,Готові запустити свій бізнес в інтернеті?
site:cta.portfolio,Хочете такий самий результат?
site:cta.body,Розкажіть нам про свій бізнес — ми проаналізуємо задачу та запропонуємо оптимальний варіант.
site:cta.note,Безкоштовна консультація · Без зобов'язань
